{
  "id": "1501874",
  "name": "合拍",
  "font_family": "iconfont",
  "css_prefix_text": "icon-",
  "description": "",
  "glyphs": [
    {
      "icon_id": "4251756",
      "name": "设置",
      "font_class": "shezhi1",
      "unicode": "e64c",
      "unicode_decimal": 58956
    },
    {
      "icon_id": "4685740",
      "name": "扫码",
      "font_class": "Group-",
      "unicode": "e69a",
      "unicode_decimal": 59034
    },
    {
      "icon_id": "10715436",
      "name": "设置",
      "font_class": "shezhi",
      "unicode": "e635",
      "unicode_decimal": 58933
    },
    {
      "icon_id": "11474197",
      "name": "arrow-down",
      "font_class": "arrow-down",
      "unicode": "e6eb",
      "unicode_decimal": 59115
    },
    {
      "icon_id": "11474198",
      "name": "arrow-right",
      "font_class": "arrow-right",
      "unicode": "e6ec",
      "unicode_decimal": 59116
    },
    {
      "icon_id": "11474210",
      "name": "arrow-up",
      "font_class": "arrow-up",
      "unicode": "e6ee",
      "unicode_decimal": 59118
    },
    {
      "icon_id": "11474211",
      "name": "arrow-lift",
      "font_class": "arrow-lift",
      "unicode": "e6ed",
      "unicode_decimal": 59117
    },
    {
      "icon_id": "11474224",
      "name": "close",
      "font_class": "close",
      "unicode": "e6f0",
      "unicode_decimal": 59120
    },
    {
      "icon_id": "11474240",
      "name": "collection",
      "font_class": "collection",
      "unicode": "e6f1",
      "unicode_decimal": 59121
    },
    {
      "icon_id": "11474267",
      "name": "falling",
      "font_class": "falling",
      "unicode": "e6f8",
      "unicode_decimal": 59128
    },
    {
      "icon_id": "11474281",
      "name": "left button",
      "font_class": "leftbutton",
      "unicode": "e6fa",
      "unicode_decimal": 59130
    },
    {
      "icon_id": "11474319",
      "name": "loading",
      "font_class": "loading",
      "unicode": "e6fc",
      "unicode_decimal": 59132
    },
    {
      "icon_id": "11474320",
      "name": "reduce",
      "font_class": "reduce",
      "unicode": "e700",
      "unicode_decimal": 59136
    },
    {
      "icon_id": "11474341",
      "name": "reeor",
      "font_class": "reeor",
      "unicode": "e704",
      "unicode_decimal": 59140
    },
    {
      "icon_id": "11474361",
      "name": "sorting",
      "font_class": "sorting",
      "unicode": "e708",
      "unicode_decimal": 59144
    },
    {
      "icon_id": "11474366",
      "name": "Top",
      "font_class": "Top",
      "unicode": "e709",
      "unicode_decimal": 59145
    },
    {
      "icon_id": "11474367",
      "name": "success",
      "font_class": "success",
      "unicode": "e70a",
      "unicode_decimal": 59146
    },
    {
      "icon_id": "11474376",
      "name": "Right button",
      "font_class": "Rightbutton",
      "unicode": "e70b",
      "unicode_decimal": 59147
    },
    {
      "icon_id": "11594385",
      "name": "分享",
      "font_class": "fenxiang2",
      "unicode": "e6af",
      "unicode_decimal": 59055
    }
  ]
}
